"case_id","concept_slug","display_name","source_image","lora_path","source_status","lora_status"
"1","backpack","backpack","data/subject_samples/backpack/selected.png","data/loras/backpack/pytorch_lora_weights.safetensors","USER_PROVIDED","USER_PROVIDED"
"2","bear_plushie","bear plushie","data/subject_samples/bear_plushie/selected.png","data/loras/bear_plushie/pytorch_lora_weights.safetensors","USER_PROVIDED","USER_PROVIDED"
"3","candle","candle","data/subject_samples/candle/selected.png","data/loras/candle/pytorch_lora_weights.safetensors","USER_PROVIDED","USER_PROVIDED"
"4","cat","cat","data/subject_samples/cat/selected.png","data/loras/cat/pytorch_lora_weights.safetensors","USER_PROVIDED","USER_PROVIDED"
"5","cat2","cat 2","data/subject_samples/cat2/selected.png","data/loras/cat2/pytorch_lora_weights.safetensors","USER_PROVIDED","USER_PROVIDED"
"6","dog","dog","data/subject_samples/dog/selected.png","data/loras/dog/pytorch_lora_weights.safetensors","USER_PROVIDED","USER_PROVIDED"
"7","dog2","dog 2","data/subject_samples/dog2/selected.png","data/loras/dog2/pytorch_lora_weights.safetensors","USER_PROVIDED","USER_PROVIDED"
"8","dog3","dog 3","data/subject_samples/dog3/selected.png","data/loras/dog3/pytorch_lora_weights.safetensors","USER_PROVIDED","USER_PROVIDED"
"9","dog5","dog 5","data/subject_samples/dog5/selected.png","data/loras/dog5/pytorch_lora_weights.safetensors","USER_PROVIDED","USER_PROVIDED"
"10","dog7","dog 7","data/subject_samples/dog7/selected.png","data/loras/dog7/pytorch_lora_weights.safetensors","USER_PROVIDED","USER_PROVIDED"
"11","duck_toy","duck toy","data/subject_samples/duck_toy/selected.png","data/loras/duck_toy/pytorch_lora_weights.safetensors","USER_PROVIDED","USER_PROVIDED"
"12","fancy_boot","fancy boot","data/subject_samples/fancy_boot/selected.png","data/loras/fancy_boot/pytorch_lora_weights.safetensors","USER_PROVIDED","USER_PROVIDED"
"13","grey_sloth_plushie","grey sloth plushie","data/subject_samples/grey_sloth_plushie/selected.png","data/loras/grey_sloth_plushie/pytorch_lora_weights.safetensors","USER_PROVIDED","USER_PROVIDED"
"14","pink_sunglasses","pink sunglasses","data/subject_samples/pink_sunglasses/selected.png","data/loras/pink_sunglasses/pytorch_lora_weights.safetensors","USER_PROVIDED","USER_PROVIDED"
"15","poop_emoji","poop emoji","data/subject_samples/poop_emoji/selected.png","data/loras/poop_emoji/pytorch_lora_weights.safetensors","USER_PROVIDED","USER_PROVIDED"
"16","rc_car","RC car","data/subject_samples/rc_car/selected.png","data/loras/rc_car/pytorch_lora_weights.safetensors","USER_PROVIDED","USER_PROVIDED"
"17","robot_toy","robot toy","data/subject_samples/robot_toy/selected.png","data/loras/robot_toy/pytorch_lora_weights.safetensors","USER_PROVIDED","USER_PROVIDED"
"18","shiny_sneaker","shiny sneaker","data/subject_samples/shiny_sneaker/selected.png","data/loras/shiny_sneaker/pytorch_lora_weights.safetensors","USER_PROVIDED","USER_PROVIDED"
"19","teapot","teapot","data/subject_samples/teapot/selected.png","data/loras/teapot/pytorch_lora_weights.safetensors","USER_PROVIDED","USER_PROVIDED"
"20","vase","vase","data/subject_samples/vase/selected.png","data/loras/vase/pytorch_lora_weights.safetensors","USER_PROVIDED","USER_PROVIDED"
